Organization,Followed On
NSRIT (Autonomous),Fri Dec 19 08:41:39 UTC 2025
GenAiVersity,Thu Dec 11 14:53:34 UTC 2025
Worldskills India,Tue Dec 09 03:48:13 UTC 2025
The Connors Group,Sun Nov 30 02:21:52 UTC 2025
HR Mrunal,Fri Oct 31 17:54:24 UTC 2025
Ratan Tata Innovation Hub (RTIH) AP,Fri Oct 24 18:49:02 UTC 2025
AI for Vizag,Mon Oct 20 12:06:09 UTC 2025
Prajna IT Solutions Pvt Ltd,Fri Oct 10 20:48:28 UTC 2025
Global Quest Technologies,Mon Aug 04 05:21:59 UTC 2025
Unilever,Fri Jul 18 09:20:02 UTC 2025
Investtplus,Fri Jul 11 04:42:16 UTC 2025
Indian Institute of Management Bangalore,Sun Jul 06 07:12:22 UTC 2025
Startup India,Tue Jun 03 08:14:33 UTC 2025
Student Tribe,Fri May 30 07:25:10 UTC 2025
Cognizant,Tue May 27 10:15:05 UTC 2025
Mindrift,Tue May 27 06:35:24 UTC 2025
Google Search Liaison,Mon May 26 16:32:31 UTC 2025
ChromeOS & Chrome Enterprise,Mon May 26 16:32:30 UTC 2025
Google Search Central,Mon May 26 16:32:28 UTC 2025
Gates Foundation India,Mon May 26 16:17:58 UTC 2025
"AI Central | ChatGPT & Generative AI Tutorials, Prompts & Use Cases for Gemini, DeepSeek, Claude",Mon May 26 16:10:08 UTC 2025
ProPeers,Mon May 26 15:26:07 UTC 2025
NSRIT Training and Placement,Fri May 23 05:05:45 UTC 2025
Tilicho Labs,Sat Apr 26 04:50:57 UTC 2025
Entrepreneur's Club,Sat Apr 26 04:30:36 UTC 2025
turtil,Sun Apr 06 04:52:19 UTC 2025
Pathway,Wed Mar 12 16:46:21 UTC 2025
Atlassian,Thu Mar 06 06:41:34 UTC 2025
Google Developer Groups (GDG),Thu Mar 06 06:41:33 UTC 2025
Intel Corporation,Thu Mar 06 06:41:31 UTC 2025
Salesforce,Thu Mar 06 06:41:30 UTC 2025
Generative AI,Thu Mar 06 06:41:29 UTC 2025
Volkswagen,Thu Mar 06 06:41:29 UTC 2025
Programming Hero,Thu Mar 06 06:41:24 UTC 2025
Android Engineers,Thu Mar 06 06:41:20 UTC 2025
IBM,Thu Mar 06 06:41:18 UTC 2025
takeUforward,Thu Mar 06 06:41:18 UTC 2025
Kotlin Developers For Hire,Thu Mar 06 06:41:16 UTC 2025
Indian Startup News,Thu Mar 06 06:41:16 UTC 2025
Firebase,Thu Mar 06 06:41:11 UTC 2025
freeCodeCamp,Thu Mar 06 06:41:11 UTC 2025
Kotlin Multiplatform Updates and Showcases,Thu Mar 06 06:41:08 UTC 2025
Chrome for Developers,Thu Mar 06 06:41:07 UTC 2025
Android Developers,Thu Mar 06 06:40:46 UTC 2025
1win Partners India,Tue Feb 25 04:26:50 UTC 2025
AndhraPreneurs,Tue Feb 25 03:51:09 UTC 2025
GeeksforGeeks AUSC,Sat Feb 15 23:19:13 UTC 2025
Fresher Jobs,Wed Feb 12 04:56:58 UTC 2025
TECHNICAL HUB,Wed Feb 12 04:56:55 UTC 2025
Velagapudi Ramakrishna Siddhartha Engineering College,Tue Feb 11 09:48:45 UTC 2025
"MaberuCreations:Graphics Design,Digital MarketingAgency,WebDesigning And Development,App Development",Mon Feb 10 05:56:52 UTC 2025
Google Summer of Code,Sun Feb 02 01:41:39 UTC 2025
Aditya University,Fri Jan 31 12:23:29 UTC 2025
Mivi,Fri Jan 31 10:39:24 UTC 2025
Teckybot,Thu Jan 30 05:24:20 UTC 2025
T-Hub,Thu Jan 30 05:23:36 UTC 2025
Stealth Startup,Mon Jan 27 13:30:29 UTC 2025
State Bank of India,Fri Jan 24 23:41:55 UTC 2025
Amazon Pay India,Wed Jan 15 14:09:46 UTC 2025
GeeksforGeeks Campus Body- RGUKT Nuzvid,Sun Dec 22 06:21:35 UTC 2024
Petals Preschool and Day Care,Tue Nov 05 18:20:56 UTC 2024
Team Leadership,Tue Sep 17 06:32:27 UTC 2024
"HackerRank Campus Club, AUFS",Sat Sep 07 17:00:08 UTC 2024
Smart India Hackathon,Fri Sep 06 00:19:24 UTC 2024
Unreal Engine,Sat Jul 06 05:57:59 UTC 2024
NPTEL,Sat Jul 06 05:57:54 UTC 2024
HRTA | HR Talent Arena,Sat Jul 06 05:57:51 UTC 2024
HR Services,Sat Jul 06 05:57:48 UTC 2024
HR Link,Sat Jul 06 05:57:13 UTC 2024
Next24tech Technology & Services LLP,Thu Jul 04 05:15:08 UTC 2024
Amazon Web Services (AWS),Wed Jun 26 12:25:04 UTC 2024
Artificial Intelligence,Tue Jun 25 14:57:10 UTC 2024
Demy Software Solutions,Tue Jun 25 03:05:01 UTC 2024
Accenture,Fri May 31 13:30:56 UTC 2024
Coding Ninjas,Tue Mar 26 07:40:41 UTC 2024
OpenAI,Tue Mar 26 07:40:41 UTC 2024
AWS Training & Certification,Tue Mar 26 07:40:40 UTC 2024
Google Cloud,Tue Mar 26 07:40:39 UTC 2024
IBC Media,Wed Mar 20 06:39:48 UTC 2024
aramco,Sat Mar 16 13:18:58 UTC 2024
CodSoft,Sat Mar 16 13:02:12 UTC 2024
Microsoft,Wed Mar 13 03:55:21 UTC 2024
GitHub,Wed Mar 13 03:55:20 UTC 2024
Google for Developers,Wed Mar 13 03:55:19 UTC 2024
Infosys,Wed Mar 13 03:55:16 UTC 2024
St. John's Public School - India,Mon Jan 29 01:01:28 UTC 2024
nasscom,Sat Jan 27 05:08:58 UTC 2024
LeetCode,Wed Dec 27 00:15:48 UTC 2023
Sololearn,Wed Dec 27 00:09:45 UTC 2023
HackerRank,Tue Dec 26 07:11:13 UTC 2023
Coursera,Fri Dec 22 15:34:44 UTC 2023
GeeksforGeeks,Sat Dec 16 12:22:20 UTC 2023
DevTown,Sat Dec 16 12:22:16 UTC 2023
Cisco Networking Academy,Tue Nov 14 16:14:38 UTC 2023
Free Online Courses,Wed Apr 02 23:38:05 UTC 2025
Tata Projects,Thu Nov 09 04:51:29 UTC 2023
Google,Thu Nov 09 04:51:27 UTC 2023