Date/Time,Media Description,Media Link
"You uploaded a feed photo on November 28, 2025 at 7:50 AM (GMT)", -,https://media.licdn.com/dms/image/v2/D5622AQE686xssDzgfA/feedshare-shrink_800/B56ZrJcTayKwAk-/0/1764316236406?e=1768435200&v=beta&t=8252-74MRm3DpXWsiWVduWNi-LDIk_LTqdAr4lVekdk
"You uploaded a feed photo on October 24, 2025 at 5:40 AM (GMT)", -,https://media.licdn.com/dms/image/v2/D5622AQH-KfEUGCEGzA/feedshare-shrink_20/B56ZoUu4MpJQA0-/0/1761284428141?e=1768435200&v=beta&t=w5hEhwZCBBZGR77oEUcrO2VZWIl70zZ-OtefEgnHvqs
"You uploaded a feed photo on October 24, 2025 at 5:40 AM (GMT)", -,https://media.licdn.com/dms/image/v2/D5622AQHZAQ38lPYXCA/feedshare-shrink_480/B56ZoUu4MVKEAY-/0/1761284428950?e=1768435200&v=beta&t=Ewd6J4ARkzltWWS_QKnyQiQWTGYKPz-re2ZXxmB1GUs
"You uploaded a feed photo on October 24, 2025 at 5:40 AM (GMT)", -,https://media.licdn.com/dms/image/v2/D5622AQGon0hD_Ts4iQ/feedshare-shrink_20/B56ZoUu4MGKEA0-/0/1761284429165?e=1768435200&v=beta&t=TahdGVhnmNUxUIMQZxjR8HqkXSkV_tC6PLjbXbcspgo
"You uploaded a photo on October 20, 2025 at 3:27 AM (GMT)", -,https://media.licdn.com/dms/image/v2/D5603AQGaYbutqsZuuQ/profile-displayphoto-scale_200_200/B56Zn_p_6XHUAg-/0/1760930824775?e=1768435200&v=beta&t=t-5dFceiQBwujmbmBwPcfMNFhhRTKssTA-B6UBg06G4
"You uploaded a profile photo on October 20, 2025 at 3:27 AM (GMT)", -,https://media.licdn.com/dms/image/v2/D5604AQHCwHjAIKllog/profile-originalphoto-shrink_900_1200/B56Zn_p_6NJwAI-/0/1760930824620?e=1768435200&v=beta&t=ym9hUW6y0jlCcSn4JUINHkxuixJgApxKwltvY6qdVtk
"You uploaded a feed photo on October 20, 2025 at 3:18 AM (GMT)", -,https://media.licdn.com/dms/image/v2/D5622AQGC4nGRZtlYSw/feedshare-shrink_20/B56Zn_oDu5KAA0-/0/1760930316529?e=1768435200&v=beta&t=sr0JkzQXho6tC9s2HyjolCUGjA0ephvVybpE-wuj0Tg
"You uploaded a feed photo on October 20, 2025 at 3:18 AM (GMT)", -,https://media.licdn.com/dms/image/v2/D5622AQGwtmxbKoS1ew/feedshare-shrink_160/B56Zn_oDu1HQAc-/0/1760930317363?e=1768435200&v=beta&t=cqMVTUypyWt1ckIz07bwHZXJHF8abywJtL2CyeuOy9M
"You uploaded a feed photo on October 20, 2025 at 3:18 AM (GMT)", -,https://media.licdn.com/dms/image/v2/D5622AQHoOmbBEfnY1Q/feedshare-shrink_2048_1536/B56Zn_oDu1KAAw-/0/1760930316094?e=1768435200&v=beta&t=n5L4HnBB6TmabokfEDlZ2XBoEa7yTpDAnI9wgg_tLP4
"You uploaded a feed photo on September 3, 2025 at 5:40 AM (GMT)", -,https://media.licdn.com/dms/image/v2/D5622AQEvaR0AvS4sYg/feedshare-shrink_20/B56ZkOF3tmHcA4-/0/1756878045616?e=1768435200&v=beta&t=4YLTVZdGmr36xGrfIKHbTJvrZmW72Q8jbfK6Saes9wQ
"You uploaded a photo on August 20, 2025 at 11:37 PM (GMT)", -,https://media.licdn.com/dms/image/v2/D562DAQHhxPYno3vD8A/profile-treasury-image-shrink_8192_8192/B56ZjJ2KmyHQAg-/0/1755733080832?e=1767204000&v=beta&t=nM-gG1M60B9xwC2OYGX3qt2LPaeVJOdlzfypfK27btY
"You uploaded a feed photo on August 20, 2025 at 11:36 PM (GMT)", -,https://media.licdn.com/dms/image/v2/D5622AQHUPPeL3rxarA/feedshare-shrink_1280/B56ZjJ1zSEHAA0-/0/1755732985017?e=1768435200&v=beta&t=jouV5ithEyL01wicXXNg7kDQ8RGVH1XxnNvFF9OBH6w
"You uploaded a feed photo on August 9, 2025 at 8:22 AM (GMT)", -,https://media.licdn.com/dms/image/v2/D5622AQE_LjQPyMJ3bw/feedshare-shrink_480/B56ZiN7Gc.G4AY-/0/1754727737735?e=1768435200&v=beta&t=nhy4eaQWYvRJqGwPS7qJ2pR5AHvQcbmlMQIroOVvyAk
"You uploaded a feed photo on August 9, 2025 at 8:04 AM (GMT)", -,https://media.licdn.com/dms/image/v2/D5622AQHb6zOCZdPfpA/feedshare-shrink_2048_1536/B56ZiN3Au1H0Ao-/0/1754726673389?e=1768435200&v=beta&t=MQ6bAg1D-E0M1famNq-pqkVh_3WPvOTHLicI6KwbTYw
"You uploaded a feed photo on August 9, 2025 at 8:04 AM (GMT)", -,https://media.licdn.com/dms/image/v2/D5622AQE6w5sldfkmww/feedshare-shrink_160/B56ZiN3Au0H0Ac-/0/1754726668114?e=1768435200&v=beta&t=Ipt4DncFepK3N5Ej9XYxJEuFKKNbl1VCp4oT8diG7eg
"You uploaded a feed photo on August 9, 2025 at 8:04 AM (GMT)", -,https://media.licdn.com/dms/image/v2/D5622AQFfNVxg2SoAUw/feedshare-shrink_800/B56ZiN3AuzHMAg-/0/1754726673190?e=1768435200&v=beta&t=Os5KmKusFYK9hc5_qJ7ZFd5y6slCxqrTqEz0P4HVSDI
"You uploaded a feed photo on August 9, 2025 at 8:04 AM (GMT)", -,https://media.licdn.com/dms/image/v2/D5622AQHafCDo3IuIVQ/feedshare-shrink_1280/B56ZiN3AuxG0Ak-/0/1754726672306?e=1768435200&v=beta&t=Q9DAUQf0dYefF4MxsLXnXvHOOU7zZwGyivifEPiz0zM
"You uploaded a feed photo on August 9, 2025 at 8:04 AM (GMT)", -,https://media.licdn.com/dms/image/v2/D5622AQGd25hFci-24A/feedshare-shrink_2048_1536/B56ZiN3AuwHUAo-/0/1754726673288?e=1768435200&v=beta&t=b0ykJojTWjHs9aw_B1jXu5yrzTXKJcbHciNw5QF8DMk
"You uploaded a photo on May 16, 2025 at 4:31 PM (GMT)", -,https://media.licdn.com/dms/image/v2/D562DAQEjThct4sVjeg/profile-treasury-image-shrink_8192_8192/B56ZbZ7.YWHUAg-/0/1747413102678?e=1767204000&v=beta&t=mgKgioI90qHsu7UptefcUzKX8EqQ-LAESpgu04bcDIY
"You uploaded a feed photo on May 16, 2025 at 3:18 PM (GMT)", -,https://media.licdn.com/dms/image/v2/D5622AQE8jN8uRZyUYw/feedshare-shrink_1280/B56ZbZrOe5HgAo-/0/1747408714362?e=1768435200&v=beta&t=R1FCTv-F35eM7rFvG6CBHib7PySeZTdtpi9wRNt1e7o
"You uploaded a feed photo on March 3, 2025 at 2:54 PM (GMT)", -,https://media.licdn.com/dms/image/v2/D5622AQGwbS-RLHhC0w/feedshare-shrink_20/B56ZVcf.fAGoA4-/0/1741013645314?e=1768435200&v=beta&t=rFgW1egPHCSB4erLkkFGQVX3Skm-jWrwzx4R_QVJ6qQ
"You uploaded a feed photo on March 3, 2025 at 2:54 PM (GMT)", -,https://media.licdn.com/dms/image/v2/D5622AQFRyo0goPleJA/feedshare-shrink_2048_1536/B56ZVcf.ewHEAo-/0/1741013642569?e=1768435200&v=beta&t=KXWcI6-PW0xP0W0ZWmSJ9Sft4KeVXYaxB23wwFgCrbo
"You uploaded a feed photo on March 3, 2025 at 2:54 PM (GMT)", -,https://media.licdn.com/dms/image/v2/D5622AQGxgygJToHvNw/feedshare-shrink_2048_1536/B56ZVcf.esGsAo-/0/1741013644938?e=1768435200&v=beta&t=gC5sZC5xtP4huXcNNkRe--6y8K_7dK7HdLpO9C1HPgs
"You uploaded a feed photo on February 12, 2025 at 5:36 AM (GMT)", -,https://media.licdn.com/dms/image/v2/D4E22AQFliUnJJJNEVw/feedshare-shrink_2048_1536/B4EZT4qLBHG0Ao-/0/1739338600734?e=1768435200&v=beta&t=jIhEtug8k0M5lSJi8_qWGkLRkZwY2MU2mTk8Rw-CWuw
"You uploaded a feed photo on February 12, 2025 at 5:36 AM (GMT)", -,https://media.licdn.com/dms/image/v2/D4E22AQGDQTslmxfEEA/feedshare-shrink_2048_1536/B4EZT4qK9_H0Ao-/0/1739338599696?e=1768435200&v=beta&t=JE4EAhdOGEf1XDpoUrEZN56VV0jw7SflS-uJicpeGpo
"You uploaded a feed photo on February 12, 2025 at 5:36 AM (GMT)", -,https://media.licdn.com/dms/image/v2/D4E22AQE2lbabSv_uWg/feedshare-shrink_1280/B4EZT4qK8VGwAo-/0/1739338600745?e=1768435200&v=beta&t=gKBzSZzABf7uJY0s0ZSqKMut1ixwIl_k3fWP1Yqv42c
"You uploaded a feed photo on February 12, 2025 at 5:36 AM (GMT)", -,https://media.licdn.com/dms/image/v2/D4E22AQHhfd0VYrSRWA/feedshare-shrink_480/B4EZT4qK6iHcAY-/0/1739338597028?e=1768435200&v=beta&t=ZQZ3lqbsRbEmbYDoLb1EuVecGpZbNwcDszte2B4VjgM
"You uploaded a feed photo on January 16, 2025 at 9:20 AM (GMT)", -,https://media.licdn.com/dms/image/v2/D5622AQEWywP56WI1jA/feedshare-shrink_2048_1536/B56ZRuakP_HwAo-/0/1737019248415?e=1768435200&v=beta&t=Tfl9AyBvfCU3e5ByJMCqMS1GccF4dMyyrI8-73-xe9Q
"You uploaded a feed photo on January 15, 2025 at 2:42 PM (GMT)", -,https://media.licdn.com/dms/image/v2/D5622AQE_YEXDBZyHXA/feedshare-shrink_2048_1536/B56ZRqatiZGoAw-/0/1736952179527?e=1768435200&v=beta&t=G7o7oOeFsFNL1ryht_g5xAlG6_-Fq4iy9pLmU_6rzMA
"You uploaded a feed photo on January 15, 2025 at 2:37 PM (GMT)", -,https://media.licdn.com/dms/image/v2/D5622AQESIpYTrItWig/feedshare-shrink_20/B56ZRqZb5jG8Aw-/0/1736951841389?e=1768435200&v=beta&t=ThRFRbDEQ4trQo97oqjTyHVyKXyCh_GMcIcPiztRAPk
"You uploaded a feed photo on January 15, 2025 at 2:37 PM (GMT)", -,https://media.licdn.com/dms/image/v2/D5622AQGAemz0EokXdQ/feedshare-shrink_1280/B56ZRqZb5oHoAo-/0/1736951841714?e=1768435200&v=beta&t=m5UF8osZ2rUhtABYliETejcMbTdnKgoFRwz9reQq8nk
"You uploaded a feed photo on January 15, 2025 at 2:37 PM (GMT)", -,https://media.licdn.com/dms/image/v2/D5622AQEVRjzzNn3vag/feedshare-shrink_800/B56ZRqZb4hG8Ak-/0/1736951841576?e=1768435200&v=beta&t=BASQ-SVjomFwgMk7ndZhDRkVycCbl4cJHufJdmaXBew
"You uploaded a feed photo on January 15, 2025 at 2:37 PM (GMT)", -,https://media.licdn.com/dms/image/v2/D5622AQFedwY8bjkNBA/feedshare-shrink_20/B56ZRqZb4iH0As-/0/1736951841167?e=1768435200&v=beta&t=FlCH0VfIzdb3Hz3IppqVHraGxce8vkPl1m0OkNmB12U
"You uploaded a feed photo on January 15, 2025 at 2:08 PM (GMT)", -,https://media.licdn.com/dms/image/v2/D5622AQEeXjVaZhqocw/feedshare-shrink_1280/B56ZRqSyh4G8Ao-/0/1736950099227?e=1768435200&v=beta&t=OydDsjd5J0xep03_w8yxWNpnMWKgyBKiud8CzUPMMuE
"You uploaded a feed photo on October 7, 2024 at 1:15 PM (GMT)", -,https://media.licdn.com/dms/image/v2/D5622AQEpqtG2yi81Ew/feedshare-shrink_2048_1536/feedshare-shrink_2048_1536/0/1728306920848?e=1768435200&v=beta&t=FUA48J2iRHWQXFmtGkxfS44XZYj20anufD9ZTrW1EpM
"You uploaded a feed photo on October 7, 2024 at 1:15 PM (GMT)", -,https://media.licdn.com/dms/image/v2/D5622AQHFcM95PRYryA/feedshare-shrink_2048_1536/feedshare-shrink_2048_1536/0/1728306919855?e=1768435200&v=beta&t=YK60UdmInEYN-h6J5Ql465dTGCWeYw73j8iYu1_U73o
"You uploaded a feed photo on October 7, 2024 at 1:15 PM (GMT)", -,https://media.licdn.com/dms/image/v2/D5622AQG9xe2k54kOEA/feedshare-shrink_2048_1536/feedshare-shrink_2048_1536/0/1728306912353?e=1768435200&v=beta&t=iyDEvZiSIf93c-uGMKeTnKMy6mIGpQc2EKD3R_PZirM
"You uploaded a feed photo on September 24, 2024 at 4:05 PM (GMT)", -,https://media.licdn.com/dms/image/v2/D5622AQGUuX20LbBozw/feedshare-shrink_2048_1536/feedshare-shrink_2048_1536/0/1727193931502?e=1768435200&v=beta&t=9rg2Q_2OYNz5Je0-f4GnjndFYb5kyr1XcAxMdhpuwBs
"You uploaded a feed photo on September 24, 2024 at 4:05 PM (GMT)", -,https://media.licdn.com/dms/image/v2/D5622AQGqtFG0bAd1QQ/feedshare-shrink_2048_1536/feedshare-shrink_2048_1536/0/1727193931300?e=1768435200&v=beta&t=qjpq9bJuLY_7r0YkyxFz1BlgD_w-BPj1EP0Bbw0NIFM
"You uploaded a feed photo on September 24, 2024 at 4:05 PM (GMT)", -,https://media.licdn.com/dms/image/v2/D5622AQFVIgK2Um4y5Q/feedshare-shrink_2048_1536/feedshare-shrink_2048_1536/0/1727193931096?e=1768435200&v=beta&t=SQ576fELKcnZHS32f_AUE5Mn6N2kwkRpD-F8X2r7joc
"You uploaded a feed photo on September 24, 2024 at 4:05 PM (GMT)", -,https://media.licdn.com/dms/image/v2/D5622AQHFyrznasWTeg/feedshare-shrink_2048_1536/feedshare-shrink_2048_1536/0/1727193931525?e=1768435200&v=beta&t=CfAiikluuw1R_rCPUBHYt-YAJ1D10XR4ZQ8hyXL4aXU
"You uploaded a feed photo on September 24, 2024 at 4:05 PM (GMT)", -,https://media.licdn.com/dms/image/v2/D5622AQFKjQ0hHHxdCA/feedshare-shrink_2048_1536/feedshare-shrink_2048_1536/0/1727193931025?e=1768435200&v=beta&t=Y-hj6rAfPKv187oA3sP-x05EPSUVTXOTFwk3P7fMp8M
"You uploaded a feed photo on September 15, 2024 at 5:35 AM (GMT)", -,https://media.licdn.com/dms/image/v2/D5622AQFx9yA_fgI6WA/feedshare-shrink_2048_1536/feedshare-shrink_2048_1536/0/1726378534683?e=1768435200&v=beta&t=06BMEVyIrTFIv2u-LRD-29KQo6WhZUvgYQP8TQ4-T0I
"You uploaded a feed photo on September 15, 2024 at 5:35 AM (GMT)", -,https://media.licdn.com/dms/image/v2/D5622AQHk9NMVWZY6Fw/feedshare-shrink_2048_1536/feedshare-shrink_2048_1536/0/1726378536366?e=1768435200&v=beta&t=7TjJxroQ79sL-wjBjr8CbPdnRJm6s-JZzyo2mfxEEic
"You uploaded a feed photo on September 15, 2024 at 5:35 AM (GMT)", -,https://media.licdn.com/dms/image/v2/D5622AQHDq3JcDn931w/feedshare-shrink_2048_1536/feedshare-shrink_2048_1536/0/1726378535402?e=1768435200&v=beta&t=22FfWtOm2BJr6xnw6j3G5ZXdaCIm6Nw-d5oXFCB1Hhk
"You uploaded a feed photo on September 15, 2024 at 5:35 AM (GMT)", -,https://media.licdn.com/dms/image/v2/D5622AQGzIGMdhMnsvA/feedshare-shrink_2048_1536/feedshare-shrink_2048_1536/0/1726378534761?e=1768435200&v=beta&t=cIPTUErtpn-7qQhsNgMlvJ1cO5q0A58sGTN6FMW43yY
"You uploaded a feed photo on September 15, 2024 at 5:35 AM (GMT)", -,https://media.licdn.com/dms/image/v2/D5622AQGtiuT3-ZALsQ/feedshare-shrink_2048_1536/feedshare-shrink_2048_1536/0/1726378534221?e=1768435200&v=beta&t=Ywled9zVdNYW6PKutO4YxjHZHoKJdo2p7FqRxev2aTU
"You uploaded a feed photo on September 7, 2024 at 4:51 PM (GMT)", -,https://media.licdn.com/dms/image/v2/D5622AQHOXWUxbxBKaQ/feedshare-shrink_2048_1536/feedshare-shrink_2048_1536/0/1725727899222?e=1768435200&v=beta&t=4Hlo58EMsuz8SWRkdgsZpAgXc-56-mRgtLkedCAQIMA
"You uploaded a feed photo on September 7, 2024 at 4:51 PM (GMT)", -,https://media.licdn.com/dms/image/v2/D5622AQHGQNHeDeuFEw/feedshare-shrink_2048_1536/feedshare-shrink_2048_1536/0/1725727896309?e=1768435200&v=beta&t=zshXfrVYreni7Q1KwFS_JtOQuVQzmxA700C9y5jhvqM
"You uploaded a feed photo on September 6, 2024 at 12:31 AM (GMT)", -,https://media.licdn.com/dms/image/v2/D5622AQFqk_mLiFClhA/feedshare-shrink_2048_1536/feedshare-shrink_2048_1536/0/1725582700574?e=1768435200&v=beta&t=fk7IVCLdqwWpNTDFP-F3axoHMISbpTEYdUYruWMFWo4
"You uploaded a feed photo on September 6, 2024 at 12:31 AM (GMT)", -,https://media.licdn.com/dms/image/v2/D5622AQElGZRwsdHXBQ/feedshare-shrink_2048_1536/feedshare-shrink_2048_1536/0/1725582700630?e=1768435200&v=beta&t=-ZMc3CjJrOCgBO3K7iebPwr53tSuCfdOuyeOCHFLkT8
"You uploaded a feed photo on September 6, 2024 at 12:31 AM (GMT)", -,https://media.licdn.com/dms/image/v2/D5622AQG-q7kzUr1MyQ/feedshare-shrink_2048_1536/feedshare-shrink_2048_1536/0/1725582702554?e=1768435200&v=beta&t=FGAF7xXS2afFRXVrmWNm7TolRxW_vFvB5fhhdNLLKcY
"You uploaded a feed photo on August 27, 2024 at 11:36 AM (GMT)", -,https://media.licdn.com/dms/image/v2/D5622AQFU-5uGzoQlhQ/feedshare-shrink_2048_1536/feedshare-shrink_2048_1536/0/1724758581528?e=1768435200&v=beta&t=5VLb-8OI24K7VirDcpO_NKQIweN-QUCWjqVaiIMnblY
"You uploaded a feed photo on August 27, 2024 at 11:36 AM (GMT)", -,https://media.licdn.com/dms/image/v2/D5622AQEFV87YdrtvRA/feedshare-shrink_2048_1536/feedshare-shrink_2048_1536/0/1724758579584?e=1768435200&v=beta&t=tyyUXIofjl1AI3sc4LZrUHsPyvQlrrwYeZ3lyKoXFS0
"You uploaded a feed photo on August 27, 2024 at 11:36 AM (GMT)", -,https://media.licdn.com/dms/image/v2/D5622AQGFW6oNezeHYA/feedshare-shrink_2048_1536/feedshare-shrink_2048_1536/0/1724758580986?e=1768435200&v=beta&t=xXVmMN82p1hxzRWfAB5FVPI_fcTW6x3yNPukZTH_m1E
"You uploaded a feed photo on August 27, 2024 at 11:36 AM (GMT)", -,https://media.licdn.com/dms/image/v2/D5622AQGfnWCKTEFlRA/feedshare-shrink_2048_1536/feedshare-shrink_2048_1536/0/1724758589288?e=1768435200&v=beta&t=tkkLSqaZAroSaKhtv6Ma-m_QKqYStGheEsxMDA1aJI0
"You uploaded a feed photo on August 27, 2024 at 11:36 AM (GMT)", -,https://media.licdn.com/dms/image/v2/D5622AQFMpS7_gxFtfw/feedshare-shrink_2048_1536/feedshare-shrink_2048_1536/0/1724758579062?e=1768435200&v=beta&t=Jq4fdtozq7fjXpCpxG3tJWZOXt8oiQnTBth1-4w5oZE
"You uploaded a feed photo on August 27, 2024 at 11:36 AM (GMT)", -,https://media.licdn.com/dms/image/v2/D5622AQFmMOJ8ODZbng/feedshare-shrink_2048_1536/feedshare-shrink_2048_1536/0/1724758580344?e=1768435200&v=beta&t=YSpQwjh5Co6T52CpXOiFzZ8Euh86xLnAUKreC9O5wx0
"You uploaded a feed photo on August 27, 2024 at 11:36 AM (GMT)", -,https://media.licdn.com/dms/image/v2/D5622AQHWZg2VBQu3vA/feedshare-shrink_2048_1536/feedshare-shrink_2048_1536/0/1724758579263?e=1768435200&v=beta&t=xXOPJmPzZTuV6R5ZvourEfuxyMG4VB7rw2Z4vT1Z0Vc
"You uploaded a feed photo on August 27, 2024 at 11:36 AM (GMT)", -,https://media.licdn.com/dms/image/v2/D5622AQFwE524purgsQ/feedshare-shrink_2048_1536/feedshare-shrink_2048_1536/0/1724758579276?e=1768435200&v=beta&t=1da7OziAFYDUxJZ1PTA0kbP_VlQkVcElz0NPB76UHQ4
"You uploaded a feed photo on August 27, 2024 at 11:36 AM (GMT)", -,https://media.licdn.com/dms/image/v2/D5622AQFdQKGyvxwJag/feedshare-shrink_2048_1536/feedshare-shrink_2048_1536/0/1724758579109?e=1768435200&v=beta&t=BFEXGdA57IyEO4CoyCepJt-3ZprRU9yPdao_-ocC6Z4
"You uploaded a feed photo on August 27, 2024 at 11:36 AM (GMT)", -,https://media.licdn.com/dms/image/v2/D5622AQFO262y6vlj6A/feedshare-shrink_2048_1536/feedshare-shrink_2048_1536/0/1724758579894?e=1768435200&v=beta&t=3ocQ2xC_gifJhKCC-DFClV3aGJk2UR3ek-Oazo3BpM0
"You uploaded a feed photo on August 15, 2024 at 2:25 AM (GMT)", -,https://media.licdn.com/dms/image/v2/D5622AQFbnRVXo_DUWw/feedshare-shrink_2048_1536/feedshare-shrink_2048_1536/0/1723688732607?e=1768435200&v=beta&t=gvpdGkM83f6mD5G7a3Q27VTEzJQKZcmfkaLk9Qk4Hsw
"You uploaded a feed photo on August 14, 2024 at 2:29 AM (GMT)", -,https://media.licdn.com/dms/image/v2/D5622AQEmnpDhzv0CyA/feedshare-shrink_2048_1536/feedshare-shrink_2048_1536/0/1723602542548?e=1768435200&v=beta&t=ndA4HJXklg9rhfeA4OUAQ_pQUOsuU5T68vFBmOG6-AA
"You uploaded a feed photo on August 14, 2024 at 2:29 AM (GMT)", -,https://media.licdn.com/dms/image/v2/D5622AQEaBgf0Bbp5yw/feedshare-shrink_2048_1536/feedshare-shrink_2048_1536/0/1723602542834?e=1768435200&v=beta&t=66Wm0cnD-ZXPN0cmkjEMwraBh3EVsxgJYUVVoueJgAE
"You uploaded a feed photo on August 14, 2024 at 2:29 AM (GMT)", -,https://media.licdn.com/dms/image/v2/D5622AQEvV0bKydG_TA/feedshare-shrink_2048_1536/feedshare-shrink_2048_1536/0/1723602542605?e=1768435200&v=beta&t=b2kxPKJAMRQXSHPlel0ohEECrB3PHX7H715fbwZ60H8
"You uploaded a photo on July 17, 2024 at 11:50 AM (GMT)", -,https://media.licdn.com/dms/image/v2/D562DAQE8D2GXhYFZyw/profile-treasury-image-shrink_8192_8192/profile-treasury-image-shrink_8192_8192/0/1721217035963?e=1767204000&v=beta&t=PBh_xIPhBVJclDXyeTly0cYgGmi4oZhTq6ZJOJ5Pjhw
"You uploaded a feed photo on July 17, 2024 at 11:49 AM (GMT)", -,https://media.licdn.com/dms/image/v2/D5622AQExk76GOb6ZEg/feedshare-shrink_2048_1536/feedshare-shrink_2048_1536/0/1721216987345?e=1768435200&v=beta&t=ol0jE2u5K4UU3zhicH4pv3VetZwjOF1FIieDJx4gBCA
"You uploaded a feed photo on July 5, 2024 at 2:37 AM (GMT)", -,https://media.licdn.com/dms/image/v2/D5622AQErH6XPaOhmlA/feedshare-shrink_2048_1536/feedshare-shrink_2048_1536/0/1720147055769?e=1768435200&v=beta&t=g-ztdyhItj2q0V1xAVGUbvXWYeOe2YJprG13n7Vxzg0
"You uploaded a photo on June 26, 2024 at 12:45 PM (GMT)", -,https://media.licdn.com/dms/image/v2/D562DAQGlp5rR8F_Uzg/profile-treasury-image-shrink_8192_8192/profile-treasury-image-shrink_8192_8192/0/1719405935562?e=1767204000&v=beta&t=QucKEndP6D7yN0qEAjBVFpdHewKHYs06GOyowICYjoQ
"You uploaded a photo on June 26, 2024 at 12:45 PM (GMT)", -,https://media.licdn.com/dms/image/v2/D562DAQFan0U3ieoKFQ/profile-treasury-image-shrink_8192_8192/profile-treasury-image-shrink_8192_8192/0/1719405912319?e=1767204000&v=beta&t=VysktQAiLdZ0JLcXPMbnoBmWRRQybZb4kP5-IBHcwaA
"You uploaded a feed photo on June 25, 2024 at 2:55 PM (GMT)", -,https://media.licdn.com/dms/image/v2/D5622AQGG_Xg2m8xy7Q/feedshare-shrink_2048_1536/feedshare-shrink_2048_1536/0/1719327346931?e=1768435200&v=beta&t=E4L45fXuZjtlkBOiGF6CPTd2USzfSk3Nc2Jr5sAYRao
"You uploaded a feed photo on May 23, 2024 at 4:41 AM (GMT)", -,https://media.licdn.com/dms/image/v2/D5622AQEjYp3ciXZ5Uw/feedshare-shrink_2048_1536/feedshare-shrink_2048_1536/0/1716439293543?e=1768435200&v=beta&t=wNbbEgL4TGtFRIm8cw7QYqgAlhDghQvxkB55zshRVKY
"You uploaded a feed photo on May 8, 2024 at 2:58 PM (GMT)", -,https://media.licdn.com/dms/image/v2/D5622AQEdFvcWGVgI3A/feedshare-shrink_2048_1536/feedshare-shrink_2048_1536/0/1715180300909?e=1768435200&v=beta&t=LKinGcBmm2EFKxnLucVBahsXzQUZcCeEsD8H03cUX1o
"You uploaded a feed photo on April 24, 2024 at 12:28 AM (GMT)", -,https://media.licdn.com/dms/image/v2/D5622AQFMRSI0F4VFxw/feedshare-shrink_2048_1536/feedshare-shrink_2048_1536/0/1713918496272?e=1768435200&v=beta&t=n9qpafqqDalziVH5vPpCChUWwf2ipMY3NntfcijE1vo
"You uploaded a video on March 28, 2024 at 4:21 PM (GMT)", -,https://dms.licdn.com/playlist/vid/dynamic/D5605AQG_oUBi-i88aw/BAQiTFhgsE?e=1767204000&v=beta&t=kjyJX9LbebYKiwUlG-fcUlKCJFFwHS91ilPBn3Dihh4
"You uploaded a feed photo on March 28, 2024 at 4:18 PM (GMT)", -,https://media.licdn.com/dms/image/v2/D5622AQGeMXPA8T620w/feedshare-shrink_2048_1536/feedshare-shrink_2048_1536/0/1711642763838?e=1768435200&v=beta&t=xAZZPIDx2zya9KNHkWPs6io7LzRxalb91zqgcmRcyYk
"You uploaded a photo on March 28, 2024 at 3:53 PM (GMT)", -,https://media.licdn.com/dms/image/v2/D562DAQF7RJtf2s8BAg/profile-treasury-image-shrink_8192_8192/profile-treasury-image-shrink_8192_8192/0/1711641209112?e=1767204000&v=beta&t=-qQT1K0Py9A_t_2tyDYHZ6O5BUOY8ZjGGNzTXu3KU3U
"You uploaded a photo on March 28, 2024 at 3:30 PM (GMT)", -,https://media.licdn.com/dms/image/v2/D562DAQH9YJCzba_rxw/profile-treasury-image-shrink_8192_8192/profile-treasury-image-shrink_8192_8192/0/1711639810395?e=1767204000&v=beta&t=Tim0WDFQwvBsl45GSa2fWJ3BYTrc7BsdsYrrV5-FsTA
"You uploaded a photo on March 25, 2024 at 1:50 PM (GMT)", -,https://media.licdn.com/dms/image/v2/D562DAQFrU3AJifCjGA/profile-treasury-image-shrink_8192_8192/profile-treasury-image-shrink_8192_8192/0/1711374654274?e=1767204000&v=beta&t=Oo0L_MndQullQuoKqsQXPIVV5PEMq2j7G8sq91NRB2E
"You uploaded a profile background photo on March 17, 2024 at 2:04 AM (GMT)", -,https://media.licdn.com/dms/image/v2/D5616AQGjVIZswMJfYg/profile-displaybackgroundimage-shrink_200_800/profile-displaybackgroundimage-shrink_200_800/0/1710641043845?e=1768435200&v=beta&t=rRq0Kx8R27MI5ijmN-DmZGj-TW5pcl2T4PpI80lvipw
"You uploaded a profile background photo on March 17, 2024 at 2:04 AM (GMT)", -,https://media.licdn.com/dms/image/v2/D5604AQFPIg-CfozfPg/profile-originalbackgroundimage-shrink_396_1584/profile-originalbackgroundimage-shrink_396_1584/0/1710641042796?e=1768435200&v=beta&t=weFul_Crm_WFqUqJjqbjp9UGdlpmPCLPa7yOcXtmQKM
"You uploaded a feed photo on March 11, 2024 at 2:54 PM (GMT)", -,https://media.licdn.com/dms/image/v2/D5622AQFdTUNDckVtTA/feedshare-shrink_2048_1536/feedshare-shrink_2048_1536/0/1710168886414?e=1768435200&v=beta&t=vRjt8DjABkKq3qUOUHMu43FVcI3izQm2vo2xHUrel4c
"You uploaded a feed photo on March 4, 2024 at 1:39 PM (GMT)", -,https://media.licdn.com/dms/image/v2/D5622AQEvpjBE_2bZZg/feedshare-shrink_2048_1536/feedshare-shrink_2048_1536/0/1709559593637?e=1768435200&v=beta&t=EKX4Y63nNT-kveffWHKcfWRuPnqF8pGnUFnrKeIQ1lQ
"You uploaded a feed photo on February 7, 2024 at 1:01 AM (GMT)", -,https://media.licdn.com/dms/image/v2/D5622AQF9P0bhG9zohQ/feedshare-shrink_2048_1536/feedshare-shrink_2048_1536/0/1707267686379?e=1768435200&v=beta&t=f7UFQhuDxvZ0QiH3F_vBMICT3fguTv2FqC-U0Z948g4
"You uploaded a document on February 6, 2024 at 12:03 AM (GMT)", -,https://media.licdn.com/dms/document/media/v2/D562DAQEkur3x2bT1aw/profile-treasury-document-pdf-analyzed/profile-treasury-document-pdf-analyzed/0/1707177838504?e=1767204000&v=beta&t=FDrBCffX7XrZBQWk_zkJc3sOtFTQGoYnCdL5Bov3eJw
"You uploaded a photo on February 4, 2024 at 1:40 AM (GMT)", -,https://media.licdn.com/dms/image/v2/D562DAQG8zpcNtBWolw/profile-treasury-image-shrink_800_800/profile-treasury-image-shrink_800_800/0/1707010809876?e=1767204000&v=beta&t=-x4ejVPXDTZYYC527kg_p5xCDmHf3bE6iFt5dRHvbnU
"You uploaded a photo on February 4, 2024 at 1:38 AM (GMT)", -,https://media.licdn.com/dms/image/v2/D562DAQF6YvVMD10mNQ/profile-treasury-image-shrink_8192_8192/profile-treasury-image-shrink_8192_8192/0/1707010706427?e=1767204000&v=beta&t=Y_aXhkmGYuOJL5-xQ-jUteYTZwgEvzjJf5EXtkDxLHU
"You uploaded a photo on February 4, 2024 at 1:37 AM (GMT)", -,https://media.licdn.com/dms/image/v2/D562DAQE1ejcM75MmLw/profile-treasury-image-shrink_800_800/profile-treasury-image-shrink_800_800/0/1707010654826?e=1767204000&v=beta&t=H4aTkMEJmu8l7TEElUlI69-FOmRGkApc7PHtr9kBfY0
"You uploaded a photo on February 4, 2024 at 1:36 AM (GMT)", -,https://media.licdn.com/dms/image/v2/D562DAQGUeIl_U6aR9g/profile-treasury-image-shrink_800_800/profile-treasury-image-shrink_800_800/0/1707010579396?e=1767204000&v=beta&t=LwATPeNnpRmXEd61P6RvKRsDxnG6DoAWIe3jdLFDgMg
"You uploaded a feed photo on February 4, 2024 at 1:31 AM (GMT)", -,https://media.licdn.com/dms/image/v2/D5622AQF0h6JqsFe3Sw/feedshare-shrink_2048_1536/feedshare-shrink_2048_1536/0/1707010271231?e=1768435200&v=beta&t=lMOb790MS_dPUgYeY0eEkLZLvYtMtj80qRhzkiltDEI
"You uploaded a photo on February 4, 2024 at 1:29 AM (GMT)", -,https://media.licdn.com/dms/image/v2/D562DAQGd5LbubOM6bA/profile-treasury-image-shrink_8192_8192/profile-treasury-image-shrink_8192_8192/0/1707010151051?e=1767204000&v=beta&t=80VuCj8L6aEf5-uYF_YJjWuOOIa3Vnf-AoWaGO8sAp0
"You uploaded a profile background photo on January 28, 2024 at 12:36 PM (GMT)", -,https://media.licdn.com/dms/image/v2/D5604AQHFfXrIuZVj_Q/profile-originalbackgroundimage-shrink_396_1584/profile-originalbackgroundimage-shrink_396_1584/0/1706445382460?e=1768435200&v=beta&t=zlIdaRl2JYrIlZLjOAsC_1YEdBvdalojXMHY3io0ObE
"You uploaded a profile background photo on January 28, 2024 at 12:36 PM (GMT)", -,https://media.licdn.com/dms/image/v2/D5616AQF69ZafAIRkhQ/profile-displaybackgroundimage-shrink_200_800/profile-displaybackgroundimage-shrink_200_800/0/1706445386627?e=1768435200&v=beta&t=6JI_a24VVmHOze3EhcrtkfV4NdvfqDUtbtVSqeLHvgE
"You uploaded a feed photo on January 28, 2024 at 12:07 PM (GMT)", -,https://media.licdn.com/dms/image/v2/D5622AQHsusAaG0qSYg/feedshare-shrink_2048_1536/feedshare-shrink_2048_1536/0/1706443636863?e=1768435200&v=beta&t=IzS4F_SMKQ8rN6dvpRV7SMiCtAf9PFB5itcV6f7V7ro
"You uploaded a document on January 28, 2024 at 12:03 PM (GMT)", -,https://media.licdn.com/dms/document/media/v2/D562DAQESUiSuEIaEkw/profile-treasury-document-pdf-analyzed/profile-treasury-document-pdf-analyzed/0/1706443399269?e=1767204000&v=beta&t=pMDLh9LeCLslQU0mjDDZ4X9JaPMGIvHaRo-eonqHiyc
"You uploaded a feed photo on January 27, 2024 at 11:09 AM (GMT)", -,https://media.licdn.com/dms/image/v2/D4E22AQGrZQU7xOO-gg/feedshare-shrink_2048_1536/feedshare-shrink_2048_1536/0/1706353777498?e=1768435200&v=beta&t=5j1R05E2hDSNa86dbhyNI9ZWOfZwniv7FJploVsEBo4
"You uploaded a feed photo on December 27, 2023 at 12:01 AM (GMT)", -,https://media.licdn.com/dms/image/v2/D5622AQFtXZ6Ycfj2aA/feedshare-shrink_2048_1536/feedshare-shrink_2048_1536/0/1703635266656?e=1768435200&v=beta&t=WnPfxKOa1jYW6EaT9NiL50wPPgjh_4fcx9ftzIxnR8g
"You uploaded a feed photo on December 26, 2023 at 6:52 AM (GMT)", -,https://media.licdn.com/dms/image/v2/D5622AQGiTy35s5kWZQ/feedshare-shrink_2048_1536/feedshare-shrink_2048_1536/0/1703573615923?e=1768435200&v=beta&t=z2-lWlhN9g8uBuc6BEEipM7To9PhYRd7q-_9QtrxkHE
"You uploaded a feed photo on September 17, 2023 at 1:14 AM (GMT)", -,https://media.licdn.com/dms/image/v2/D5622AQHBd88-uMok_w/feedshare-shrink_2048_1536/feedshare-shrink_2048_1536/0/1694913255120?e=1768435200&v=beta&t=XoINHoSJjH8SE3uUCs3Cm1pz2gvkRzTmdkZoh2bHUlk
"You uploaded a feed photo on September 17, 2023 at 1:13 AM (GMT)", -,https://media.licdn.com/dms/image/v2/D5622AQFE-3apheNLwA/feedshare-shrink_2048_1536/feedshare-shrink_2048_1536/0/1694913240373?e=1768435200&v=beta&t=x-TeXNtZoHGvbHddK2etYIZ_qV0LMV13v4NYMmz_H-g
"You uploaded a feed photo on September 16, 2023 at 1:34 AM (GMT)", -,https://media.licdn.com/dms/image/v2/D5622AQHW9QAts-BBJw/feedshare-shrink_2048_1536/feedshare-shrink_2048_1536/0/1694828070832?e=1768435200&v=beta&t=aSuDo6Io8IOFCiJ2NGoFBFml3g_fg5KsRijNW-FjqI4
"You uploaded a feed photo on September 16, 2023 at 1:34 AM (GMT)", -,https://media.licdn.com/dms/image/v2/D5622AQEqOlZUrYCXqw/feedshare-shrink_2048_1536/feedshare-shrink_2048_1536/0/1694828046077?e=1768435200&v=beta&t=D3kqNOEYVVzpLQySz-1LgCctamRIz4ymfF7jcXQ1bzg
"You uploaded a feed photo on September 16, 2023 at 1:23 AM (GMT)", -,https://media.licdn.com/dms/image/v2/D5622AQGoh7UslZ09bg/feedshare-shrink_2048_1536/feedshare-shrink_2048_1536/0/1694827419233?e=1768435200&v=beta&t=-OuAAcELeWGsifRRyZCOvY3CtZNHiNfMeMdk1TAP-aI
"You uploaded a feed photo on May 22, 2023 at 1:33 PM (GMT)", -,https://media.licdn.com/dms/image/v2/D5622AQH3D-k1XaIJgw/feedshare-shrink_2048_1536/feedshare-shrink_2048_1536/0/1684762417038?e=1768435200&v=beta&t=jKUZ4hd63I8RsWN1K5FS3Elm8E9GARQjed-UVPOzJV4
